Category,Question,Answer
General,Juliet 'i melt with you' was which band's signature hit released on their 'after the snow' album in 1982,Modern english
Geography,"""Honolulu"" means _____________",Sheltered harbor
General,How many gallons of fuel does a jumbo jet use during take off?,Four thousand
Sports & Leisure,In the game of cricket which bird name means scoring no runs,Duck
Music,With which singer did Westlife record a version of Against all Odds in 2000?,Mariah Carey
 History & Holidays,"In 1951 Howard Hawks Produced The Thing. Who Directed The 1982 remake, Starring Kurt Russell",John Carpenter
General,The Paris stock exchange,Bourse
 History & Holidays,What amendment to the u.s. constitution ended prohibition,The twenty first
General,What game of chance was originally called 'Beano',Bingo
 History & Holidays,Where Did Napoleon Bonaparte Die In Exile?,St Helena
Food & Drink,The eggs of this sturgeon are the preferred form of caviar.,Beluga
General,What is the motto of the three muskateers,All for one & one for all
General,What is the flower that stands for: a heart ignorant of love,White rosebud
General,What nationality was the sculpture Brancusi,Romanian
Toys & Games,"Charles Darrow based his game upon the 1904 ""The Landlord's Game"".",Monopoly
General,"Who sang ""I Want My MTV"" on the Dire Straits song ""Money For Nothing""?",Sting
 History & Holidays,"What country did poinsettias originally come from? (Mexico,Us, Spain ,Brazil)",Mexico
Music,Who Starred As Cole Porter In The 1945 Film Night & Day,Cary Grant
General,"Before Hitting The Big Time As A Singer & Tv Personality What Was ""Perry Como's "" Profession",A Barber / Hair Dresser
Music,What was finally a top ten hit for Ce Ce Peniston on its 1992 Re-Release,Finally
General,"Seventeen thousand how many camels carried the 117,000 volumes of abdul kassem ismael's library",400
General,Under Michigan State law who are officially classed mechanics,Dentists
General,"Medieval monks invented this stopper, necessary for champagne",Cork
General,In the body luteinizing hormone is produced by what gland,Pituitary
Food & Drink,What colour is chablis?,White
Sports & Leisure,Football: The Denver ____?,Broncos
General,What are the stars in traditional Cornish Star Gazey pie,Pilchards eyes
General,What is raku,Japanese pottery
General,Proverbially it was a bold man who  first ate what,An Oyster
Food & Drink,Where is the oldest distillery in the world?,"The Old Bushmills, Cty Antrim"
General,"What countries days include Fire day, Water day and wood day",Japan Tue Wed Thu
General,In golf what would you put in your shag bag,Practice Balls
General,"Constance Markiewicz, Became The Worlds First Ever What In 1918?",First British Female MP
Sports & Leisure,Which Modern Gymnastics Event Made Its First Appearance At The 2000 Sydney Olympics,Trampolining
General,Burning potassium has what colour flame,Purple
General,"Who directed the monochrome (sepia) sequences at the beginning and end of ""the wizard of oz"" (1939)",King vidor
 History & Holidays,Who Became premier of Cuba in 1959.,Fidel Castro
 History & Holidays,According to the song what did my true love give to me on the fifth day of Christmas,Five Gold Rings
General,What is the cap on the fire hydrant called,Bonnet
 Geography,What is the capital of Philippines ?,Manila
Science & Nature,Who Originated The Uncertainty Principle,Heisenberg
General,What dodgers and cubs first-baseman dropped baseball to take up actin,Chuck
General,Which usical instrument was invented by Henry Schluter?,Vibraphone
General,How long is a silver anniversary,25 years
Music,Johnny Marr Teamed Up With Which Former New Order Member To Form The Band Electronic,Bernard Sumner
General,Test of metal or ore for ingredients and quality,Assay
General,What is a woolly bear,Caterpillar
General,What is the name of the telescope that was placed in orbit in the eighties?,Hubble
General,"Where was The Beast, the first mobile robot, developed",Johns hopkins
General,The province of Alberta in Canada has been completely free of rats since what year,1905
General,Arlanda is the airport which serves which European city,Stockholm
Music,What Group Did Nick Cave Sing With Before Forming The Bad Seeds,The Birthday Party
Science & Nature,Sound Navigation Ranging is better known as _________.,Sonar
General,What is a group of geese called,Gaggle
Music,"Which Music Festival Was Attended By Over 400,000 People In 1969",Woodstock
General,The last Nascar driver to serve jail time for running moonshine was who,Buddy arrington
General,"Which Capital City Is Home To ""Carrasco"" International Airport",Montevideo (Uruguay)
General,The worlds what museum is at 19 Green belt North York Ontario,Contraceptive
General,What is hippopotomonstrosesquippedaliophobia the fear of?,Long words
Toys & Games,"In the game of chess, which piece has the most freedom to move?",Queen
Science & Nature,What Is The Function Of The Thyroid Gland,To Regulate Growth & The Metabolism
Music,"Who Claimed That ""Mama Gave Birth To The Soul Children""",Queen Latifah
Food & Drink,Singapore banned which popular western foodstuff because of litter implicatons?,Chewing Guim
General,Metal framework on a vehicle to protect it in the event of a collision with a large animal,Bull bar
General,What is a Bellwether,Leader of flock of sheep
General,As what is 'South West Township' known in south africa,Soweto
General,What is the most important mineral for strong bones & teeth,Calcium
 History & Holidays,What asian leader was known as the little brown saint,Mahatma gandhi
General,Of who did the u.s postal service print 500 million stamps in 1993,Elvis
General,What is 'bountiful mother' in latin,Alma mater
General,What was the name of john lennon and cynthia lennon's son,Sean
General,Lake Vanern is the largest lake in which country,Sweden
General,"What is the missing word in english with the letter combination 'uu' vacuum, muumuu, continuum, residuum, duumvir",Duumvirate
 History & Holidays,Who was the ruler of the USSR from 1917-22?,Vladimir Lenin
General,Isolophobia is the fear of,"Solitude, being alone"
Science & Nature,What Did Jesse Reno Invent Using Traditional Conveyor Belt Principles To Pull Folding Steps Up A Slope,The Escalator
General,"Name the wife of King Ahab, who Jehu ordered to be thrown to her death from a window",Jezebel
General,If not Shakespeare what links Juliet Cleopatra Mark Antony,Commit Suicide
General,Who was the first person to prove that planets move in elliptical orbits,Kepler
General,Who was the first black mayor of Chicago?,Harold Washington
Sports & Leisure,Who Won The US Open Men's *Tennis * Title in 1990 At The Age Of Just 19?,Pete Sampras
General,Which architect designed London's tallest building The Shard?,Renzo Piano
General,"Which meteorological phenomena means ""a curl of hair"" in Latin",Cirrus - clouds
General,Originally a Toss Pot did a lot of what,Drinking - Alcohol
General,What country is Men Without Hats originally from?,Canada
Music,What group was Ringo with before the Beatles?,Rory Storm and the Hurricanes
General,"What Did Bruce Willis, Harvey Keitel & Winston Churchill All have to overcome?",Stutters / Stammers
General,What 3 ingredients make a sidecar cocktail,Brandy Cointreau Lemon juice
General,Anna Maria Louisa Italiano changed her name to what,Anne Bancroft
General,An Aficionado originally followed what sport,Bullfighting
People & Places,Which is the largest of the Canary Islands?,Tenerife
 History & Holidays,The land that would eventually be known as oklahoma was part of the what in 1803,Louisiana purchase.
General,Which U.S. boxer was known as 'The Manessa Mauler',Jack dempsey
Music,"Who Had Minor Hits With ""Dogs Of Lust"", ""Slow Emotion Replay"" And ""Dis -Infected"" EP",The The
General,What does a Stupprator prefer sexually,Virgins
General,An elephant has 400000 what in its trunk,Muscles
General,The Zagros mountain range is in which country,Iran
 Geography,What is the highest mountain in the Appalachian range?,Mt. Mitchell
General,In South Korea traffic police must report what,Tourists bribes taken
General,What does SALT stand for,Strategic arms limitation treaty
General,Which chemical element has the atomic number 4?,Berylium
General,Who had a hit no 5 in US 1971 with Bridge over Troubled Water,Aretha Franklin
 History & Holidays,"William the First was crowned on Christmas day, but in what year",1066
General,What country covers an entire continent,Australia
Music,In which film did Donna Summer make her debut as an aspiring disco singer?,Thank God It's Friday
General,Who was responsible for driving the english out of scotland in 1297,William
Music,Which duo released albums called Introspective and Very?,Pet Shop Boys
General,What is the front of a saddle called?,Pommel
General,Fried Chicken Strawberry Shortcake trad Xmas eve meal where,Japan
General,U.S. Captials - Michigan,Lansing
General,Which epic film was based on a novel by Lew Wallace,Ben hur
General,What are the young of a rabbit called,Kittens
Music,"Paul wrote ""Martha My Dear"". Who did he know who was named Martha?",His Dog
Music,Who filled in for Ringo on the Beatles' 1964 world tour?,Jimmy Nicol
General,What planet did Alf come from?,Melmac
General,Who wrote dionne warwick's 'walk on by' and 'say a little prayer',Burt
General,What is the technical difference between rowing and sculling,Rowing means using a single oar
General,"Outside poland, where is the largest polish population",Chicago
General,In The Film Saving Private Ryan What Was Private Ryan's First Name?,James
General,"What song won the grammy for ""song of the year"" in 1977",You light up my
Music,Which Band From Manchester Incluides The Former Entertainments Manager From The Hacienda (Nightclub),M People
General,How did George II die,Fell off toilet
General,"Electric, Perse and smalt shades of which colour",Blue
General,Every day in the US people steal $20000 from where,Vending machines
General,"Who wrote ""The Picture of Dorian Grey""",Oscar wilde
General,Indiana jones: who was known to get lost in his own museum,Marcus brody
General,"In Which Childrens TV Show Will You Find The Characters Of ""Florrie & Baby Pom""",The Fimbles
General,Mr Chips said goodbye from Brookfield school - What subject,Latin
General,Where is the worlds largest mine,Carletonville South Africa
General,Florence Nightingale tended the soldiers in which war,Crimean
General,What is the name of the cord joining a mother & her unborn child,Umbilical cord
General,What Is Joseph Cyril Bamfords Claim To Fame?,The JCB Earth Mover
 Language,"The name for this semi-precious stone comes from the Latin for ""sea water""",Aquamarine
Music,What Name Appears In The Title Of Both A Beatles Hit And A Novel By ThomasHardy?,Jude
General,"An atom is comprized of these 3 subatomic particles: electron, neutron, & _____",Proton
Music,Which Group Comprises Of Colin Angus And Mr C,The Shamen
General,What are the colours of the Olympics rings (in order).?,Blue Yellow Black Green Red
General,Who Was The First Woman To Appear Naked On The Front Cover Of The Radio Times,Helen Mirren
General,What was known as the spice island,Zanzibar
General,In which county is Charnwood Forest,Leicestershire
General,What is the name of the Tokyo Stock Market Index,Nikkei
General,"In The Pilgrim's Progress, which city of Christian's final destination",Celestial city
Science & Nature,What Do You Get If A Male Donkey Breeds With A Horse?,A Mule
Sports & Leisure,How Many Suits Are There In A Game Of (Mah Jong),3 Suits
Food & Drink,Who released the following album 'Strange brew ',Cream
General,What is the derivative of sin x,Cos x
General,What name is given to the fraction part of a logarithm number?,Mantissa
General,Ralph Freeman designed which Australian landmark,Sydney harbour bridge
Science & Nature,"In Wonderland, Who Took A Watch Out Of His Waistcoat Pocket Only To Discover That He Was Late",The White Rabbit
General,What animals teeth were used as knife blades by the Indians,Beaver
 History & Holidays,In The Film 'Halloween' For How Many Years Was The Killer Locked Up In An Asylum Before He Escaped,15 Years
General,Norman Bean became famous as which author,Edgar Rice Burroughs
General,In which tv series does fred savage play kevin arnold,The wonder years
Science & Nature,The valuable blue form of corundum is called:,Sapphire
Science & Nature," It takes approximately 69,000 venom extractions from the __________",To fill a 1_pint container. coral snake
General,What are people encouraged to kiss under,Mistletoe
General,In Islington in London it?s a 50 fine for sleeping where,The Public Library
General,If a dish is served pomontier what does it contain,Potatoes
Science & Nature,What Describes A Person With No Skin Pigment,An Albino
Music,"Which Of These People Is The Shortest ""Jarvis Cocker, Micheal Stipe Or Nicky Wire""",Michael Stipe
General,Creedence clearwater revival sings 'have you ever ______',Seen the rain
General,"In the tv series 'leave it to beaver', what was wally's best friend's name",Eddie haskell
Sports & Leisure,"In Boxing Who Suffered Defeats To Tim Witherspoon, Mike Tyson & Lennox Lewis",Frank Bruno
 History & Holidays,"In 'Bridget Jones Diary'', Bridget Jones makes a New Years Resolution, to sort out her life, meet a man and keep a diary, but who played Bridget Jones",Rene Zellweger
General,What fashion designers symbol is a swan,Gloria Vanderbilt
General,In which English town or city would you find The Christmas Steps,Bristol
Geography,On which river is Rome located,Tiber
General,96% of American children can recognise - who,Ronald MacDonald
Science & Nature, The female American Oyster lays an average of 500 million eggs per year. Usually only one oyster out of the bunch reaches __________,Maturity
General,What are the grinding teeth called,Molars
Science & Nature,A one-humped camel is called a _________.,Dromedary
General,In 2001 one active UK warship named after an Englishman who,Sir Winston Churchill
General,What country has the most bookshops per head population,New Zealand
Geography,Which U.S. state has the least rainfall,Nevada
Music,"Who Sang The Smokin Dance Hit ""Feel It"" Including The Featured Artist",Tamperer Feat Maya (Pepper)
General, Legal Terms: A supplement to a will.,Codicil
General,Edward Whymper was the first to do what,Climb Matterhorn
General,"A 1957 title recorded by the Crickets, was a line taken from the classic John Ford Western's 'The Searchers'. What was the title",That'll Be the Day
General,Opperman what is the capital of iowa,Des moines
General,"Saanen, Hongtong & Toggenburg Are All Breeds Of Which Animal",Goats
General,Which 9-fingered pop pianist starred in the film Its all Happening,Russ
Sports & Leisure,A Silver Fern Is The Emblem Of Which Nations Rugby Union Team?,New Zealand
General,What is the Latin word for liquid produced by the Ficus Elastica,Latex
General,What is the fear of parents-in-law known as,Soceraphobia
General,Which is the only work by Dukas most people have ever heard of,The sorcerer's apprentice
Geography,What queen were the virgin islands named for in 1627,Elizabeth i
General,What did henry shrapnel invent,Exploding shell
General,What's the collective noun for a group of gulls,Colony
General,The American Society for Prevention of Cruelty to Animals (aspca) was formed in what year,1866
General,In Pac Man eating what was worth 5000 points,Banana
 History & Holidays,"""What Did My True Love Give To Me On The """"Nineth"""" Day Of Christmas""",9 Ladies Dancing
General,What is the Capital of: Virgin Islands,Charlotte amalie
General,What does Do Loop do for a living,Computer programmer
People & Places,What Did You Associate With Rod Hull ?,Emu
General,"Which famous Englishwoman was born in Florence on 12th May 1820,where her well-to-do parents were temporarily resident",Florence nightingale
General,What is the opposite of nocturnal,Diurnal
General,Which Saint is said to have carried his own head for six miles after his death?,St Denis
General,Five out of six of the Village people have got what,Moustaches
General,In Watership Down rabbit language what is a hrududu,A motor car
General,Who is Aladdin's father,Mustapha the tailor
General,Which brother sister won Wimbledon mixed doubles in 1980,John Tracy Austin
General,"What can be a font, architectural style or novel type",Gothic
Geography,In what country is the waterloo battlefield,Belgium
General,"Which Classic Tv Character Was Played By ""Sorrell Brooke"" Between (1979-1985)",Boss Hog
 History & Holidays,In Which Modern Day Country Would You Find The Region Known As Transylvania,Romania
Music,Who Were The Original Members Of Suede,"Brett Anderson, Bernard Butler, Mat Osman, Simon Gilbert, And Justine Frischmann"
General,Who Was Time Magazines Man Of The Year In 1938,Adolf Hitler
General,March 21st to April 20th is what Star sign,Aries
Geography,Where is the city of Brotherly Love,Philadelphia
General,1300 to 1500 it was illegal for Englishmen to have 3 what a day,Meals
 History & Holidays,"In 1959, Berry Gordy Jr. started a small record company called",Motown
General,What Film Won The Oscar For Best Visual Effects Back In 1984,Indiana Jones (Temple Of Doom)
General,Racing driver James Hunts nickname was Hunt the what,Shunt
General,Where is the kitty hawk,Smithsonian
People & Places,Which British comedian became well known for his broken microphone routine?,Norman Collier
General,Calvin and Hobbes artist.,Bill watterson
General,In the US what job has an average IQ of 104,Policeman
Entertainment,"Name the actor who played the leading role in ""The Good, the Bad, and the Ugly"".",Clint Eastwood
Geography,The tallest building in the Southern Hemisphere is in which city,Melbourne
General,"In ballet, an elongated line; in particular, the horizontal line of an arasbesque with one arm stretched front and the other back.",Allong
Geography,What is the capital of France,Paris
General,Who wrote the music to West Side Story,Leonard bernstein
General,What is the currency of Poland,Zloty
Geography,What Was Sri Lanka Previously Known As,Ceylon
General,Who won an Oscar for the soundtrack to Chariots of Fire,Vangelis
General,"In Greek mythology, where were lotuses eaten",Island of jerba
General,Assen in the Netherlands is most famously associated with which sport?,Motorcycling
Music,Which Musical Was Based On H G Wells Novel Kipp's,Half A Sixpence
 History & Holidays,Which great American inventor died in October 1931?,Thomas Edison
General,Who was reportedly the strongest man on earth,Samson
General,Which two fruits are an anagram of each other,Lemon and melon
General,In what country would you be rich in Leu,Rumanian currency
General,Where did Queen Victoria and Prince Albert get married?,St. James' Palace
General,What was the first magazine to publish a hologram on it's cover,National Geographic
General,"Popular social dance during the eighteenth century; done in rows or circles, it may have derived from English country dancing.",Contredanse
Toys & Games,Whose 3_dimensional cube became a 70s & 80s craze,Rubiks cube
Geography,In which continent would you find the mackenzie river,North america
 History & Holidays,Which Olympics did the US boycott?,1980
General,I will please is the Latin translation of what medical treatment,Placebo
General,What is 'mother's ruin'?,Gin
General,The U.S. has never lost a war in which _____ were used,Mules
General,Which actor was the first to play Robin Hood on television,Richard greene
General,Name Disney's first film to win an Academy Award,Flowers and Trees
General,Issur Danielovitch became famous a who,Kirk Douglas
Entertainment,Who took dictation from Perry Mason?,Della Street
Entertainment,Where are Rocket J. Squirel and Bullwinkle Moose from,Frostbite falls
General,What living organism can be 30 times the size of a blue whale,A giant sequoia giant sequoia
Science & Nature,Graphite dust is formed when what is cut with a laser?,Diamond
General,What is the flower that stands for: lasting beauty,Stock
General,What is the Capital of: Seychelles,Victoria
Entertainment,Charles Boyer inspired a cartoon skunk. Who?,Pepe le Pew
General,Who is Prime Minister of Australia,John howard
General,After the Bible what book did Americans rate as their favourite,Sears Roebuck Catalogue
General,A dime is equal to how many cents,Ten
Music,Which Guitar Manufacturer Was Responsible For The Stratocaster,Fender
Music,Which Duo Wrote The Song ?You'll Never Walk Alone??,Rogers & Hammerstein
General,What is the capital of New Jersey,Trenton
General,What is john robertson osbourne's stage name,Ozzy osbourne
General,"Who was the most notable wife of King Priam of Troy during the Trojan War, having no less than 19 children to him?",Hecuba
People & Places,Whose son got lost in the desert during the Paris Daker rally ?,Mrs Thathchers Son Mark
General,Who plays 'Cat' in Red Dwarf,Danny john-jules
General,What was the leading cause of death in the late 19th century,Tuberculosis
Science & Nature, The most carnivorous of all bears is the __________. Its diet consists almost entirely of seals and fish.,Polar bear
Music,Which Year Did Bryan Adams Refer To In 1985,1969 (Summer Of 69)
General,What is an algonquin,Moose
General,A temple in Sri-Lanka is dedicated to what,Buddha's tooth
Science & Nature,What Is The Study Of Low Temperatures Called,Cryogenics
 History & Holidays,What English city was known to the Romans as Venta Bulgarum?,Winchester
Science & Nature,What is the symbol for iron in chemistry?,Fe
 Geography,What is the capital of North Carolina?,Raleigh
Entertainment,What job was Sting before he was a rock star?,Teacher
General,What is compressed snow also called,Neve
General,Adolph Hitler had a phobia - what,Claustrophobia
General,"In the Bible, who is the Book of Proverbs attributed to",Solomon
General,Who kept searching for his long lost salt shaker,Jimmy buffet
General,Which two teams automatically qualified for the france '98 soccer world cup,France and brazil
General,Where did Thomas Magnum grow up as a kid?,San Diego
General, The feeling of having experienced something before is known as _______.,Deja vu
 History & Holidays,What was the leading cause of death in the late 19th century?,Tuberculosis
General,Who was the first novelist to present a typed manuscript to his publisher,Mark twain
Science & Nature," Despite man's fear and hatred of the wolf, it has not ever been proved that a non_rabid wolf ever attacked a __________",Human
Science & Nature,What does LPG stands for?,Liquid Petroleum Gas
General,What is the French phrase that means already seen,Dj vu
General,What school does Harry Potter attend,Hogwarts
General,"Which company, during the 1984 Super Bowl, aired what is considered one of the best commercials in TV history?",Apple
General,What is unusual about The lake of Monteith in Scotland,Only one the rest are Lochs
Food & Drink,Who In The World Of Music Has The Real Name Of Derek Dick,Fish
Music,"""Radio Gaga"" Was A 1984 Hit For Whom",Queen
General,Musical groups: england dan and _____,John ford coley
General,"The world's smallest mammal is the _______ ___ of Thailand, weighing less than a penny",Bumblebee bat
General,The treatment of disease by chemical substances which are toxic to the causative micro-organisms is called ____________.,Chemotherapy
Music,Name The Hit Making 3 Tenors,"Jose Carreras, Placido Domingo, Luciano Pavarotti"
General,What animal is responsible for most deaths in the USA annually,Dogs
Geography,Where would you be if you landed smack in the middle of plock,Poland
General,What is the fear of heredity known as,Patroiophobia
General,License Plates: What job does SRREAL have,Artist
Science & Nature,A Phon is a unit of what?,Loudness
General,Who was the law for a shire,Reeve
General,What lies east of mauritius,Australia
General,"Cushat, Rock and Stock all types of which creature",Doves
 Geography,What is the capital of Liberia ?,Monrovia
General,In which war was the charge of the Light Brigade,Crimean
General,Sir Eyre Massey Shaw hold what Olympic record from 1900,Oldest gold yachting he was 70
 History & Holidays,Where In Egypt Is The Tomb Of Tutankhamen,"Valley Of The Kings, Luxor"
General,Your suffering from circadian dysrhythmia what have you got,Jet Lag
General,The word for soda in Japanese when translated means what,Poisoned Water
General,Who did patrick macnee portray in the spy drama the avengers,Jonathan steed
Music,"In Which Year Did ""Wooden Heart"" & ""Surrender"" Reach No.1 For Elvis",1961
 History & Holidays,*What were the 'character' names of the 3 lead women of Charlie's Angels? (PFE)*,"Sabrina, Kelly, Jill"
General,About which game has most books been written,Chess
Music,For Whom Did David Byrne Produce An Album Called Mesopotamia In 1981,B52's
Sports & Leisure,Which snooker player ended Stephen Hendry's five-year unbeaten run at The Crucible?,Ken Doherty
General,"This delightfully soft topping, care of your local bovine",Cheese
General,15% of American males are what - so are bulls,Colour Blind
Sports & Leisure,In Which Athletics Event Are Competitors Known As Either 'Spinners Or Shifters'',Shot Putt
Entertainment,Who hosted the 1997 Grammy Awards?,Ellen Degeneres
Art & Literature,Which Shakespearean Character Has The Most Lines,Hamlet
General,Which American author wrote Moby Dick,Herman melville
General,An external agent that alters foetal development is called a,Teratogen
General,"Who said 'ask not what your country can do for you, but what you can do for your country'",John f kennedy
General,What is a boats speed measured in,Knots
General,On a chemical what does a skull and cross-bone mean ?,Toxic
General,Who patrols gotham city,Batman and robin
Entertainment,"Who portrayed Han Solo in ""Star Wars""?",Harrison Ford
Sports & Leisure,Where were the 1988 Olympics held ?,"Seoul, South Korea"
General,What do like charges do,Repel
General,What is the fear of microbes known as,Microbiophobia
General,The Atlanta Hawks basketball team have retired 23 which used to belong to _____,Lou hudson
 History & Holidays,In What Year Did The Vietnam War Begin,1954
General,What is the capital of the dominican republic,Santo domingo
General,Psychologists says men who do what during sex are insecure,Keep socks on
General,Who had a hit in 1986 with 'Don't Leave Me This Way',The communards
General,Whose symphony number seven is called the Leningrad,Shostakovich
Music,"Who Recorded The Albums ""Cuts Both Ways"", & ""Into The Light""",Gloria Estefan
General,"What does ""el pueblo de nuestra senora la reina de los angeles del rio porciuncula"" (los angeles' original name!) Translate into",The village of our lady the queen of the angels of the porciuncula river
Entertainment,What was John Wayne's real name?,Marion Morrison
General,The Mariners Compass or Pyxis is what,Constellation
Food & Drink,What do you get when you add fresh fruit to red wine,Sangria
General,What Country is consistently The Worlds Biggest Beer Consumer,Czech Republic
General,Hathor was the Egyptian goddess of what,The Sky
Religion & Mythology,Who is the greek equivalent of the roman god Mars ?,Ares
General,Pat Reid wrote which book - filmed and TV often,The Colditz Story
General,Which chemical element is named after die Latin word for 'red',Rubidium
Music,"""Dancing With Tears In My Eyes"" Was A 1984 Hit For Which Group?",Ultravox
Music,Who Took A Eurovision Song Contest Entry To No.2 In 1969 And What Was It,Lulu / Boom Bang A Bang
General,In Eureka Nevada its illegal for moustached men to do what,Kiss Women
Sports & Leisure,Which Country Hosted The Olympic Games In 2004?,Greece (Athens)
General,What animal is the mascot of the US Naval Academy,Goat
 History & Holidays,Who Wtote The Book 'How The Grinch Stole Christmas',Dr Seuss
General,Sabotage is French - What did the saboteurs use,Shoes - sabot means shoe
General,What is the flower that stands for: sweet and secret love,Honey flower
General,On which U. S. river is the Grand Coulee Dam,Columbia
General,In music what is meant by pianissimo,Very softly
General,The Largest Muslim Population In The World Is Found In Which Country,Indonesia
General,In Russia by law the homeless must be where after 10pm,At Home
General,"""Mr. Mojo Risin"" is an anagram for___",Jim Morrison.
 Geography,What is the only country in the world whose name starts with 'O'?,Oman
General,What did Aristotle claim as the most delicate of table meats,Camel
General,First feature film US TV Heart of New York what was subject,Washing machine inventors
Science & Nature,What word is used for a male ass? (Other than that the word used for that #*^*&%@! ex-boyfriend.),Jack
General,Golden books in how many films did grace kelly appear,Eleven
General,Which day is the first day of Holy Week in the Christian calendar,Palm sunday
General,The transverse entrance hall of a church.,Narthex
General,How did Jamie Sommers become bionic?,From a parachute accident.
Science & Nature,When does the human uterus expand 500 times its normal size?,During pregnancy
Entertainment,Who sang 'That's Alright Mama'?,Elvis Presley
 History & Holidays,Who had a hit with the smooth and soulful You To Me Are Everything ?,The Real Thing
General,What is the largest item on any menu in the world,Roast camel
General,Which famous battle took place on July 1st to 3rd 1863,Gettysburg
General,-isms: The social and philosophic creedo of Irish playwright George Bernard Shaw is called:,Shavianism
General,Rustic or awkward person,Bumpkin
General,In which trade are composing frames and sticks used,Printing
General,What is an erythrocyte,Red blood cell
General,What do the letters 'SAM' mean in SAM missiles?,Surface To Air
General,"Which artist, born in Russia in 1887, painted Self Portrait With Seven Fingers, Birthday and Bouquet With Flying Lovers",Marc chagall
General,What is the leaf of a fern called,Frond
General,What was founded in the UK 1694 because of war with France,Bank of England
General,What large red flower is the floral emblem of New South Wales,Waratah
General,Where does the word COP come from,Constable on Patrol
Science & Nature,What Do The Initials E.E.G Stand For,Electroencephalograph
General,What 1970's film came from a pink floyd tune,The wall
General,Who wrote 'weird harold and fat albert',Bill cosby
General,Somebody who rings bells,Campanologist
Science & Nature,"What does the ""lithosphere"" refer to?",The earth's crust
General,Which is the most Northerly African country through which the Greenwich meridian passes,Algeria
General,Karl Landsteiner won a Nobel prize in 1930 for which medical discovery,Blood groups
General,What Crime Has A Person Committed If They Have Been Convicted Of Regicide?,They Have Killed The King
General,What type of acid is used in car batteries,Sulphuric
General,Who was the last King of Troy?,Priam
General,The study of the composition of substances and the changes that they undergo is _________.,Chemistry
Music,"When The Motels Took The ""L"" Out Of Lover It Was What",Over
 History & Holidays,The Gold Coast gained its independence from Great Britain in 1957 and renamed itself as what,Ghana
General,How Many Hearts Does The Common Earthworm Have?,10
Sports & Leisure,In which Gymnastics discipline would a man do the scissors?,Pommel Horse
 History & Holidays,Which Football Team Became The First To Win The European Cup Winners Cup In 1963,Tottenham (Spurs)
General,What brand of cheese celebrated its 60th birthday in 1988,Velveeta
Toys & Games,How many tiles does a player play to score a bingo in Scrabble,7
General,Pathophobia is the fear of,Disease
Entertainment,What song by Don McLean talks about the day Buddy Holly died?,American Pie
General,Which Novelist Sometimes Writes Under The Pseudonym Richard Bachman?,Stephen King
General,What was the name of Punky Brewster's dog?,Brandon
General,"In Greek mythology, what did the cyclops forge for zeus",Thunderbolts
General,Collective nouns - A gang of what,Elks
General,In what sport would you perform an Adolf,Trampolining forward 3.5 twists
Science & Nature,Name Tin Tin's Canine Companion,Snowy
General,Where does the famous 'running of the bulls' take place,Pamplona
General,What 80's Pro-Wrestler was turned into a G.I. Joe character?,Sgt. Slaughter
Geography,"The Amazon river pushes so much water into the _____________ that, more than a hundred miles at sea, off the mouth of the river, one can dip fresh water out of the ocean and drink it.",Atlantic
General,Who starred as 'ouboet' in the first tv series of 'orkney snork nie',Frank
General,What does a Belly Man do for a living,A Piano Tuner
General,Middle Ages having what creatures in the house was good luck,Ants
Food & Drink,Which type of restaurant popularized the use of conveyor belts?,Sushi Restaurants
General,Who were the co-leaders of rock pile,Edmunds and lowe edmunds and lowe
General,Knismolagnia is sexual arousal from what,Tickling
General,"In which film is the line, 'I could have been a contender'",On the waterfront
General,What word beginning with M is the unit measurement for the brightness of stars,Magnitude
General,Michelle and Julia are songs by which group,The beatles
Art & Literature,Who killed Macbeth?,Macduff
General,What is the fear of nudity known as,Nudophobia
General,Which African country had its capital transferred to Abuja,Nigeria
General,Does 'verbatim' mean 'in the same words' or 'opposite',In the same words
 History & Holidays,How do you write 69 in Roman numerals?,LXIX
General,Beside the long winding river is the translation of which US state,Connecticut
General,"What actor was stung in ""the sting""",Robert shaw
 History & Holidays,In which country was the Rosetta Stone found,Egypt
Science & Nature,What is an emasculated stallion called?,Gelding
General,In which Dickens novel would you find the characters Jonh Jarndyce and Mrs Jellyby,Bleak house
Science & Nature,Infantile Paralysis is commonly known as ________.,Polio
Science & Nature,What is another name for the prairie wolf?,Coyote
General,"On Which Island Which Is Also A Country Will You Find ""Adams Peak""",Sri Lanka
Music,What band did James Brown tour and record with in the 1950's?,The Famous Flames
Sports & Leisure,Who Was The First Professional Footballer To Be Knighted,Sir Stanley Matthews
General,Which is the only Shakespeare play with the name of an English town in the title,The merry wives of windsor
General,In Britain what are Sing Tao and Weng Wei Po,Chinese Newspapers
General,Colonel Tom Parker Elvis's manager had what earlier act,Dancing Chickens ? on hot plate
General,What writer lived at hilltop near Hawkshead now museum to her,Beartrix Potter
 History & Holidays,What Was The Contribution Of Actress Mercedes McCambridge To Linda Blairs Performance In The Excorcist,Provided The Devils Voice
General,What color is the tip of a Canada lynx's tail,Black
General,La Celestina was the first one in Spain the first what,Theatre play
General,What was the first mickey mouse cartoon,Plane crazy
General,"What modern word comes from the Arab ""hashishi"" ?",Assassin
General,Hoffman who wrote about a british agent named george smiley,John le carr
General,What is the main food of the oyster catcher,Mussels
General,Bob Fitzsimmons world boxing champion had what middle name,Prometheus
General,Oil seed rape belongs to which plant family,Mustard
General,What first occurred at California Disneyland in March 1981,Murder
General,"Area of commerce that encompasses farming or trapping certain furbearing animals, processing their skins for sale to manufacturers of fur garments, & marketing finished garments to retail outlets",Fur industry
Sports & Leisure,What Colour Caps Do The Australian Cricket Team Wear,Green
General,What is the latin word for 'a junction of three roads',Trivia
General,49% of Americans go out to dinner on what day,Their Birthday
Sports & Leisure,Who Rode Shergar To Victory In The Epsom Derby?,Walter Swinburn
General,Whose normal heartbeat is 242 per minute,Mr Spock in Star Trek
Art & Literature,What Was The Name Of Charles Dickens Last Novel Unfinished At His Death,The Mystery Of Edwin Drood
General,What are The Chiuhauhan Nubian and Alaskan,Deserts
General,What's the seventh sign of the Zodiac,Libra
General,New Zealand's Rugby team is know as the __________________.,All Blacks
Sports & Leisure,At which sport was Fred Perry crowned world champion in 1929?,Table Tennis
Art & Literature,"Who is associated with the address 221B Baker Street, London ?",Sherlock Holmes
Sports & Leisure,In Which Scandanavian Country Is Gambling Illegal,Sweden
General,Which country is the largest producer of cheese,America
Geography,Which state is the Evergreen State,Washington
Science & Nature,What name is given to animals which eat both plants and meat ?,Omnivore
General,What is the most redesigned appliance in the world,Telephone Handset
Music,"Where was ""Can't Buy Me Love"" recorded?","Paris, France"
General,"What's the sky king's home, near the town of grover, called?",Flying crown ranch
Science & Nature,Which Continent Is The Natural Habitat Of The Ostrich,Africa
General,"What craft toy involved cutting plastic figures, coloring them in, and then baking them in the oven?",Shrinky Dinks
General,Deepest from what language is the word mummy derived,Persian
General,When was buckingham palace built,1703
General,Which is the only body cell with no nucleus,Red blood cell
General,"Who Was The First And Original Host Of ITV's ""World Of Sport""",Eamon Andrews
General,An onomastician studies what,Names
General,Hey! what was the name of this song released by 'the romantics' in february 1980,What i like about you
Music,Which Band Performed The Theme To The Secret Diary Of Adrian Mole Aged 13 & 3 Quarters,Ian Dury & The Blockheads
General,Penis comes from the Latin meaning what,Tail
General,What is the colour of mourning in Turkey,Violet
General,What special talent did Molly Ringwald have in The Breakfast Club?,She could apply lipstick with her breasts
General,Amatripsis is what sexual practice,Female masturbation rubbing labia
General,Name the Shakespeare character son of the witch Sycorax,Caliban in The Tempest
General,What is a calm ocean region near the equator called?,Doldrums
Music,Susanne & Joanne Catherall Sang With Which Band,The Human League
Geography,"Created By German Scientists In 1876, What Was The First Artificial Favouring",Vanilla Essence
 History & Holidays,What's the oldest college in the u.s.,Harvard
 History & Holidays,Where in the UK would you go to celebrate 'Uphelia'' shortly after Christmas,Shetland Isles
General,What is the young of this animal called: Antelope,Calf
General,The via appia went from rome to ______,Brindisi
General,Who qualified for pole position in the 1984 brazilian grand prix,Elio de
General,The distance around the outside of a circle is its ____________.,Circumference
 History & Holidays,"""What Is The Name Of The Toy That Arnold Schwarzenegger Desperately Tries To Get For His Son For Christmas In the Film """"Jingle All The Way""""?""",Turbo Man
General,If you landed at Lindberg airport where are you,San Diego
 Geography,Which Central American country extends furthest north?,Belize
General,What replaced English as the official language of Kenya in 1974,Swahili
 History & Holidays,On what date did America become an independant nation?,"July 4th, 1776"
General,What is the flower that stands for: steadfast piety,Wild geranium
General,"On One Day at a Time,what were the two daughter's names?",Barbara and Julie
Science & Nature,What Animal Can Change Its Colour?,A Chameleon
General,In the nursery rhyme what is Fridays child,Loving and Giving
General,What key is to the right of T on a keyboard?,Y
General,What is the main food of walruses ,Clams
General,In A 2007 Poll What Music Video Was Voted The Best Video Of All Time,Peter Gabriel / Sledgehammer
Art & Literature,What is the fourth book in the Harry Potter series,The Goblet Of Fire
Art & Literature,For What Is Dame Margott Fonteyn Famous,Ballet Dancing
General,In which Chinese city is the Terracotta Army,Xian
Entertainment,Who played George Costanza on 'Seinfeld'?,Jason Alexander
People & Places,Which FootbaIl Bad Boy Was Accused Of Violent Assault Against Tv Presenter Ulrika Jonsson,Stan Collymore
General,Capitol city - Cathedrale Notra-Dame - statue Marron Inconnu,Port au Prince Haiti
 History & Holidays,Alphabetically Which Is The Last Of Santa's Reindeers?,Vixen
General,The American Triple Crown - Belmont st Kentucky Derby and?,Preakness Stakes
 Geography,What country is directly north of the continental United States?,Canada
General,Happy Days was a spin off from what US TV show,Love American Style
General,Who was called The Man of Destiny,Napoleon Bonaparte
General,Which thick custard-like food is made when fresh milk is artificially curdled by bacteria,Yoghurt
General,What is the only bird that can fly backwards,Hummingbird
General,What is a group of toads,Knot
General,The Blue Ridge Mountains lie in Virginia and which other state,Georgia
Sports & Leisure,What Do The Initials TT Stand For In Regard With The Isle Of Man Motorcyle Race?,Tourist Trophy
General,"Who said ""In my free time I do differential and integral calculus""",Karl Marx
General,Ouranophobia is a fear of ______,Heaven
General,As what is sulphur also known,Brimstone
General,Who was the male lead character in Gershwins musical that featured the song Summertime,Porgy
General,What does barley become when prepared for brewing,Malt
General,What minty confection is a boys name - in reverse,Trebor mints - Robert
General,What is a cpu,Central processing unit
Sports & Leisure,Tony Drago is a snooker professional from which country?,Malta
General,The use of astronomical phenomena to predict earthly & human events is called,Astrology
General,Name the female British climber while killed trying to climb K2 in 1995,Alison hargreaves
General,The amount of what substance in granite determines its color,Feldspar
Music,"Who Had A Hit In 1993 With ""She Don't Let Nobody""",Chaka Demus & Pliers
General,Who released the No.1 hit single 'Barbie Girl' in October 1997,Aqua
Music,With Which Band Is Raul Malo The Lead Singer,The Mavericks
General,12 is the atomic number of which metal,Magnesium
General,What does a zoologist study,Animals
General,What does a linguist study,Languages
General,"What rock makes the cheapest, softest form of sandpaper",Flint
General,"In Greek mythology, for who did the cyclops forge thunderbolts",Zeus
General,Hans Lippershey made the worlds first practical what,Microscope
Music,Who Is Known As Lady Soul,Aretha Franklin
General,Which department uses 65% of all paper bought by US gov,Defence department
General,What is the flower that stands for: betrayal,Judas tere
Sports & Leisure,What Events Are Involved In A Biathlon,Cross Country Skiing & Shooting
General,What is the flower that stands for: avarice,Scarlet auricula
Geography,____________ possesses more proven oil reserves than any country outside the Middle East.,Venezuela
Music,"Who Won An Oscar For His Portrayal Of Broadway Legend George M Cohan In ""Yankee Doodle Dandy""",James Cagney
General,Name the only major Greek God whose Roman counterpart has the same name,Apollo
Music,Ebony & Ivory Was A Hit For Which Famous Duo,Paul McCartney & Stevie Wonder
General,Where can you buy a cup of coffee with cruzeiros,Brazil
General,Alfred Jingle appears in which Dickens novel,The Pickwick Papers
 Geography,What is the largest island in the Indian Ocean?,Madagascar
General,A pound of armadillo meat contains how many calories,780 calories
Science & Nature, A wolf's odor detecting ability is __________ times greater than man's.,100
General,On what sea is the crimea,Black sea
General,Whose boat Bluebird was recently raised from Coniston water,Donald Campbell
General,Lee Where were the Toltecs from,Mexico
Music,What note is written in the space above the bottom line of the treble clef?,F
General,What myth is the rhinocerous thought to have inspired,Unicorn
Music,What Was The First Top 10 Hit For The Temptations Reaching No.3 In 1969,I'm Gonna Make You Love Me
Music,"From Which Country Did The Dance, The Quadrille, Originate",France
Geography,"If its 4:00pm in Seattle Washington, what time is it in Portland Oregon",4
General,Lockjaw is another name for which disease,Tetanus
Science & Nature,What two colors is a magpie,Black and white
General,What is Moscow's famed opera house,The bolshoi bolshoi
General,The pound cake got its name from the pound of ______ it contained,Butter
General,The town of Beersheba is in which country,Israel
 Geography,What country borders Libya on the East?,Egypt
General,In what Australian state would you find Port Pirie,South australia
General,What sporting event first took place in 1903,Tour de france
General,By US government figures people have tried 28000 ways of what,Losing Weight
Music,"Who Is The Lead Singer Of The Band ""The Police""",Sting
General,Who holds the nhl record for the most goals scored during a regular season,Wayne gretzky
General,What type of number has no factors other than 1 and itself,Prime
Geography,In which state is stone mountain,Georgia
General,Agrippa poisoned her husband/uncle who was he,Claudius
Music,What Was The Beat's Second Chart Success Achieving No.9 In Feb 1980,"Hands Off, She's Mine"
General,In what country could you spend a tugrik,Mongolia
Geography,"What island group contains jersey, guernsey, sark and herm",The channel islands
General,"Why, in 1969, did the French flag appear on some British postage stamps",To commemorate concorde's maiden flight
General,How was Australias most infamous bush ranger,Ned kelly
Science & Nature," When young, the hoatzin, a crested, olive_colored South American bird, has claws on its __________",Wings
General,A spice from which root is used to give food a yellow colour,Turmeric
General,Legal Terms: A supplement to a will.,Codicil
General,Who is the only musician in history to bring out two albums to reach number one in one year?,DMX
General,What country in distance is furthest from New Zealand,Spain
General,"In Greek mythology, which monster had the head and breasts of a woman, the body of a lion and the wings of a bird",Sphinx
Entertainment,"What was the name of the restaurant the TV series ""Happy Days""?",Arnolds
General,What was the pre-war German name for the Baltic city which is now Russian and called Kaliningrad,Konigsberg
General,What is sometimes known as Goober Grease,Peanut Butter
General,On which river is Warsaw to be found,Vistula wisla
General,What animal always gives birth to same sex twins,Armadillo
 History & Holidays,Dr. Christian Barnard performed the world's first ever what in South Africa in 1967.,Heart Transplant
General,"Who sang the Song ""Gangsta's Paradise""?",Coolio
Geography,"Can you give me the capital of the following three countries: Syria, Morocco and Libya?","Damascus, Rabat, Tripoli"
Music,Pete Burns From Dead Or Alive Was Spun Around Like A What,Record
General,The temperature at what dew forms is called the,Dew point
General,How many children did Adam and Eve have together,Three
General,In the USA domestic violence peaks on what day of the year,Superbowl Sunday
Sports & Leisure,How many balls are on a pool table at the start of a game?,16
General,What is the eighth month of the year,August
Science & Nature,Which two metals make up brass?,Copper and Zinc
Science & Nature,What Is Another Name For The Wildebeest?,A Gnu
Science & Nature,This protein makes the blood red in color.,Hemoglobin
General,"Who stars in the movie ""Tomb Raider""?",Angelina Jolie
General,Who wrote Fahrenheit 451,Ray bradbury
General,A flat round soft creamy French cheese,Brie
Food & Drink,Who released the following 'edible' album 'Pretzel logic',Steely Dan
General,What is the most southerly County of Ireland,Cork
General,A chronic disease of the liver,Cirrhosis
General,"In Shakespeare's 'Merchant of Venice', with whom does Portia fall in love",Bassanio
Music,"With Just ""Paul McCartney"" On The Label As Artist Name His First No.1 In 1984",Pipes Of Peace
General,"The Graf Zeppelin completed a 19,500 mile trip in what year",1929
General,The state tree of Arizona is really a legume - name it,Palo Alto
General,The locals call it Misi what do we call this country,Egypt
Sports & Leisure,Which Football Team Play Their Home Games At Stamford Bridge,Chelsea
 History & Holidays,Godzilla first made his mark so to say in 1954. What do the Japanese call Godzilla ?,Gojira
General,Which Singer Of A Very Famous 90's One Hit Wonder Has The Real Name ? Robert Van Winkle ?,Vanilla Ice
General,The FIS governs what sport,International Ski Federation
General,"""Fruit smack flavored syrup"" was the original name of",Kool aid
General,Texans consume 40% of farm grown what in the USA,Catfish
General,Vivaldi's concertos Opus 8 Numbers 1-4 better known as what,The four Seasons
General,How Did Louis Washkansky Of South Africa Make History In 1967,1st Heart Transplant Recipient
General,"When someone is clumsy or awkward, especially with their hands, they are often said to be ""all ___."" These",Thumbs
Science & Nature," From crocodile farms, Australia exports about 5,000 crocodile skins a year. Most go to Paris, where a crocodile purse can sell for more than __________",10000
Science & Nature,"What links flamsteed halley, bradley and bliss",Astronomy
General,To which part of the body does the adjective 'renal' refer,Kidney
General,Which annual sporting event between 2 teams started in 1829,The University Boat Race
General,Archbishop Makarios of Cyprus was exiled in 1956 to where,The Seychelles
General,-isms: Indifference to pleasure of pain; Greek philosophical system following the teachings of Zeno?,Stoicism
General,"Which Danish philosopher, wrote The Concept of Dread and later had his views used as the basis for existentialism",Soren kierkegaard
General,The Kung San people live in what area of Africa,Kalahari Desert in Botswana
General,What is the flower that stands for: delay,Eupatorium
General,"Who composed the opera ""A Village Romeo and Juliet""",Frederick delius
 History & Holidays,"What Connects Kenny, Everett, Annie Lennox, And Sir Isaac Newton",Born On Xmas Day
Science & Nature,How many tentacles does a squid have,Ten
General,William Herschel astronomer was a musician what instrument,Organ
General,What got its name from a bridgeport pie company's name and light-weight pie tins,Frisbees
General,Which character is the narrator of Melville's Moby Dick,Ishmael
 Geography,Into which bay does the Golden Gate Strait lead?,San Francisco Bay
People & Places,Who Was The First man To Set Foot On The Moon ?,Neil Armstrong
General,"What lake is the world's largest, having an area of almost 394,000sq km",Caspian sea
General,What was Kevin Bacon's first big hit,Footloose
General,For who was the play 'peter pan' exclusively written,Children
Food & Drink,"Italian dish consiting of olives, anchovies, salami, celery, and appetizers.",Antipasto
General,Bond: What is Goldfinger's first name,Auric
General,Fulton John Short - Later John Fulton first US to do what,Qualify as Matador
Science & Nature,The Sun is how much more dense than water?,1.41 times
General,"Who sang the song ""Cry"" which was the first video on Mtv to use morphing technology through the entire video?",Godley and Creme
General,How many medals did the USSR win at the 1984 Olympics,None
 History & Holidays,The second line of which carol is '? When they are both full grown'',The Holly & The Ivy
Entertainment,Who played Charlie in Charlies Angels?,John Forsythe
General,To which family does the coffee plant belong,Madder
General,Who designed the first Iron ship the Great Britain in 1845,I. Kingdom Brunel
General,"Who won an oscar for her role in ""gone with the wind""",Vivien leigh
General,Who played Lofty in Eastenders,Tom watt
Music,How Are Craig And Charlie Reid Better Known?,The Proclaimers
Music,Bandleader James Last Started Out Playing Which Instrument,Double Bass
People & Places,What is the singer Meat Loafs Real Name,Marvin Lee Aday
General,Life Love Cows French translation of which film,City Slickers
General,What does breaking the sound barrier cause,A Sonic Boom
Religion & Mythology,"What was the town that ancient Greeks believed to be the centre of the world, and was the home of a famous oracle?",Delphi
General,Which small republic makes up Yugoslavia with Serbia,Montenegro
Science & Nature,What Is The Largest Key On A Standard Computer Keyboard,The Space Bar
General,What Event Occurs At Walthamstow Stadium?,Greyhound Racing
Music,Which Letter Of The Alphabet Do The Sound Holes On Violins Resemble,The Letter 'S'
General,In Norway what is a brisling,A Sprat
Music,"In the world of music, what job did Simon Fuller get sacked from in 1997?",Manager of the Spice Girls
General,What does a hyperphiliac suffer from,Great desire for sex
General,In what modified vegetable did Cinderalla travel to the ball in?,Pumpkin
General,"Which Classic TV Show Had A Theme une Entitled ""Quiz Wizard""",Blockbusters
General,Which is the longest river - not river system - in the U.S.A.,The missouri
Food & Drink,Food That Is Permitted To Be Eaten Under Jewish Dietary Laws Is Known As What,Kosher
General,In 1861 Dows Ginger Ale was the first to be what,Sold in a Bottle
General,"Which US state holds the record for most snowfall in a day, recorded February 7, 1916?",Alaska
General,Russia has one but the US has at least six - what,Places called Moscow
General,What U.S. state includes the telephone area code 505,New mexico
General,In Scotland what was the tawse,Teachers Strap or belt
Music,Which French Superstars Originated My Way,Claude Francois
General,What number is at 12 o'clock on a dartboard,20
 Geography,Which city is known as Motown?,Detroit
General,What is a Chorizo,Spicy Sausage
General,Who recorded the album Beggars Banquet,Rolling stones
General,"John Gore, Edward Saunders pioneered what org in Australia",Salvation Army
General,Catch 22 had what original name - publisher changed it,Catch 18
 Geography,What is the basic unit of currency for Uzbekistan ?,Sum
Science & Nature,"Which Fish, Previously Thought To Be Extinct Was Rediscovered In 1939?",The Coelacanth
General,"In Germany, where would you be if you were in a ""Krankenhaus""",Hospital
General,What was created in Canada in 1923 for first time criminals,A Spanking Machine
General,In which Mediterranean Sea are the Cyclades islands,The aegean
General,What colour toothbrush do most people have,Blue
General,Which fictional park is the home of Yogi Bear,Jellystone
General,The first American advertisement for tobacco was published in what year,1789
General,Papaphobia is the fear of,The pope
General,How many US states border an ocean?,23
General,The Amazon river dolphins are what colour,Pink
General,What is the Islamic equal to the red cross,Red Crescent
General,What is a group of this animal called: Sparrow,Host
General,William Tell was the best crossbow archer and what else,Boatman
Sports & Leisure,Loftus Road is the home of which football club?,Queens Park Rangers
General,Palmolive promised to help women keep what,Schoolgirl  complexion
Sports & Leisure,The Solheim Cup Is The Womans Equivalent Of Whhich Famous Sporting Cup ?,The Ryder Cup
Music,What did The Band The Clash Rock,The Casbah
General,How many ring are there on the olympic flag,Five
General,How long is the le mans endurance motor race,24 four hours
General,On which fictional street does 'Freddy Kruger' live out a nightmare,Elm street
Food & Drink,Which contains more caffeine - coffee beans or tea leaves?,Tea Leaves
General,What does a depilatory remove,Hair
General,Leaflike part of a fern or palm,Frond
Music,"Who Recorded The Early 1990's Indie Classic ""Sheffield Sex City""",Pulp
General,On which Caribbean island are the Blue Mountains,Jamaica
General,Name Alice's pet cat,Dinah
Food & Drink,"What drink is a mixture of brandy, egg yolks & vanilla?",Advocaat
General,Who was the first woman to fly the Atlantic alone ?,Amelia Earhart
General,John Augustus Larson invented what in 1921,Lie detector
Sports & Leisure,"How is the chess term ""shah mat"" better known ?",Checkmate
Science & Nature,What body function is improved if you sleep on your right side?,Digestion
General,"What Mojave Desert city has a name meaning ""the meadows"" in spanish",Las vegas
Food & Drink,How Are The TV Chefs 'Simon King & David Myers'' More Commonly Known,The Hairy Bikers
General,What nutrient is required by the body in order to build up muscles,Protein
General,What is a Texas Ruby Red,Grapefruit
 History & Holidays,What notorious event occurred on the 24th October 1929?,The Wall Street Crash or (Black Thursday)
General,"What cereal carries the slogan, ""a bowl a day keeps the bullies away""",Apple
General,Where are you if you land at Norman Manley airport,Kingston Jamaica
General,Durbarry is cream of a vegetable soup  - what one,Cauliflower
General,"Which word follows Juliet, Kilo and Lima",Mike
General,What is a gondola,Water taxi
General,Which science fiction writer developed a series of ethics for robots known as the Laws of Robotics,Isaac asimov
General,What year was Neptune discovered,1846
General,In what Hitchcock film did Shirley MacLaine debut in 1956,The trouble with Harry
 Geography,Name the capital of Brazil.,Brasilia
General,What who caught the grinch in the act of stealing the christmas tree,Cindy-lou who cindy lou who
 History & Holidays,"Whose epitaph reads, free at last, free at last, thank god almighty, i'm free at last",Martin luther king jr.
General,"In 'star trek', what is data's rank",Lieutenant commander
Music,"""He's In Town"" Was A Hit In 1964 For Which British Group",Rockin Berries
General,Which word describing chaos first appeared in Milton's Paradise Lost,Pandemonium
General,Which soul singer was Sittin on the Dock of the Bay,Otis Redding
General,Who patented the safety razor in 1895,King gillette
Sports & Leisure,Which Team Has Won The County Cricket Championships The Most Often?,Yorkshire
Art & Literature,"A realistic style of painting in which everyday life forms the subject matter, as distinguished from religious or historical painting.  ",Genre painting
General,What was the first country to recognise the US as independent,Morocco
General,Who invented the electrical bass,Leo fender
General,Who was 'too sexy for his shirt',Right said fred
General,What are a group of magpies called,A tittering
 History & Holidays,In What Year Was Band Aids 'Do They Know Its Christmas' The UK Christmas No.1 Single,1984
General,Who invented the Polaroid camera,Edwin land
General,Ethel who is the spokesperson for the exercise tapes 'tae bo',Billy blanks
 Geography,What is the basic unit of currency for Solomon Islands ?,Dollar
General,Tree with a thin peeling bark the twigs also used for flogging,Birch
Food & Drink,"Creme de Cacao, cream, and brandy make up which type of cocktail",Brandy Alexander
Science & Nature,What animal is depicted on the logo of Toys R Us?,Giraffe
General,How many bits was the intel 4004 chip,4 bits
General,Who married Thelma Catherine Patricia Ryan,Richard nixon
General,In WW2 the Germans launched operation Bernhard - what,Counterfeit British notes
General,What takes place in Happy Valley Hong Kong,Horse racing
General,"What is the name of Mr. Rochester's house in ""Jane Eyre""",Thornfield hall
General,"What is a characteristic of a ""nimbus"" cloud",Rain
Food & Drink,What Dessert Consists Of Ice Cream Covered In Meringue And Baked In The Oven,Baked Alaska
General,Pluto Greek god of the underworld - what was Plutus god of,Wealth
General,Which Salford brewer gave his name to the S.I. unit of energy,Joule
Music,Which Lucky Man Spent Seven Weeks In The charts With Olivia And Sixteen With Sarah,Cliff Richard (Olivia Newton John) & (Sarah Brightman)
Geography,Which Is The Smallest State In The Usa,Rhode Island
People & Places,Who Sued For Libel After Being Described As Boring,William Roache (Ken Barlow)
General,What did Trevor Baylis invent,Clockwork Radio
General,"To send transatlantic telegraph messages, 3,000 miles of cable were laid under the Atlantic in what year",1886
General,A novel by Keith Waterhouse,Billy liar
General,What is a female cat called?,Queen
General,Which nfl's defensive unit was named 'the purple people eaters',Minnesota
General,How many feet are there in a nautical mile,6080
General,What is the full moon nearest the autumnal equinox,Harvest moon
General,One of this groups greatest albums was 'slippery when wet' released in 1986,Bon jovi
General,To which gentleman's club did Phineas Fogg belong,The Reform
General,Approximately how many inches are in a meter,39
General,"Suspension of tiny particles of one substance, called the dispersed phase, in another phase, called the dispersion medium",Colloid
General,What is the flower that stands for: sensitiveness,Mimosa
General,Sandra Wes of Texas died in 1977 was buried in what,Her blue Ferrari
Science & Nature,What italian astronomer wrote the starry messenger,Galileo
General,I'll Never Fall In Love Again' came from which musical,Promises promises
General,Handel's Largo comes from which opera,Xerxes
General,"Who Sang Backing Vocals On The Dire Straits Hit ""Money For Nothing""",Sting
General,What major law was violated in the movie Smokey and the Bandit?,Smuggling beer
General,What is the name of the reverend who appears in the cartoon series 'The Simpsons'?,Timothy Lovejoy
General,Actor Arnold Schwarzenegger bought the first Hummer manufactured for civilian use when,1992
Music,Which Trio Released The Album Crazy Sexy Cool,TLC
General,What was first used as a medical treatment in 2700 bc by Chinese emperor Shen Nung,Acupuncture
General,Alfred Wallace coined which phrase - Wrongly given to Darwin,Survival of the Fittest
General,"Transom, poop and keel are all parts of a what",Boat
General,"In The United States Of America How Is ""Feb 2nd"" More Commonly Known",Groundhog Day
General,What is a two-humped dromedary,Camel
General,The Best or Nothing is the motto of what company,Mercedes-Bentz
General,What was the first magazine to publish a hologram on its cover,National Geographic
General,The comma bacillus causes what disease,Cholera
General,How many spectral colors are in a rainbow,27
General,50% of the US annual rainfall falls in what month,April
General,What were the dolls in the novel 'valley of the dolls',Pills
 History & Holidays,Who was UK Labour cabinet minister and social reformer Frank Pakenham better known as?,Lord Longford (7th Earl of Longford)
General,Who were the first people to measure the year,Babylonians
General,What type of metal is used in the filament of an electric light bulb,Tungsten
General,Michael O Brien Became Britains First Ever What On April 20th 1974 (Many Have Followed In His Footsteps),Streaker
General,Smith most common English surname what's the Japanese,Suzuki
General,Temperature when condensation occurs is called the,Dew point
General,"Botvinnik, Petrosian and Tal have all been World Champions of what",Chess
 Geography,Libreville is the capital of ______?,Gabon
General,Term for animals in the class including the scorpions and spiders,Arachnid
 History & Holidays,Who was known as 'the peanut president'?,Jimmy Carter
Geography,In which South American country is the Atacama desert?,Chile
General,"Where in the body would you find the malleus, incus and stapes",Inner ear
General,What is the next-to-last event,Penultimate
Sports & Leisure,What is the last event in a decathlon ?,1500 Metres
General,What do pigments give to your hair & skin,Colour
Sports & Leisure,Which English club was formed in 1887 as Ardwick FC?,Manchester United
 Geography,What is the basic unit of currency for Kiribati ?,Dollar
General,Which film won the best makeup Oscar in 1992,Bram Stokers Dracula
General,"In an average lifetime, the average american sees 345 movies in ___",Theaters
Sports & Leisure,The German Athlete Jurgen Hingsen was always runner-up to which British Athlete in major competitions?,Daley Thompson
General,What is the fear of things to the left or left-handed known as,Sinistrophobia
General,What are Munroes,Mountains in Scotland
General,Marbella is a resort on which Spainsh coast,Costa del sol
General,Who controlled the government of china before mao tse tung,Chiang kai-chek
Geography,In What Year Did Captain Cook Reach New Zealand,1769
Food & Drink,What 'R'' Is The Name Given To A Picked Herring,Rolemop
General,Angelo Scicilano better know as who,Charles Atlas
General,What fish is known as poor mans lobster,Monk Fish
Geography,In what city are the famous tivoli gardens,Copenhagen
General,"Which Wimbledon Tennis Champion Had A Role In The John Wayne Film ""The Horse Soldiers""",Althea Gibson
General,How far does the cruise liner 'queen elizabeth ii' move for each gallon of diesel it burns,Six inches
General,Which saint founded a monastery at Iona in the sixth century,Saint columba
Music,"Who Recorded The Album ""Who Made Who""",ACDC
General,Hukusai and Hiroshige were famous Japanese what,Artists
General,What is the fear of being tickled by feathers known as,Pteronophobia
Food & Drink,What is the most common pub name in Great Britain?,The Red Lion
 History & Holidays,What toy was released in 1957 creating an instant craze among children?,The Hula Hoop
General,What is the Capital of: Samoa,Apia
 Geography,Tirana is the capital of ______?,Albania
General,The angel of independence in Mexico City was built by who,Salvador rivas mercado
Geography,What Is The 2nd Official Language Spoken In Germany,Turkish
General,"In the 'james bond' books, to who is miss moneypenny secretary",M
Science & Nature," The weasel and the ermine are the same animal. This mammal's coat changes with the season _ in its white winter coat, it is known as an ermine, in its brown coat, it is a __________",Weasel
General,Which fictional land was used to describe John F Kennedy's term as president,Camelot
General,Where are the deepest mines,South africa
General,Which is the only u.s state capital without a mcdonald's,"Montpelier, vermont"
General,What is the name of the Danish parliament,The folketing
Music,"About Whose Sister Is John Lennons Song ""Dear Prudence""",Mia Farrow's
General,What is the main ingredient in Borsch,Beetroot
General,What does jefferson davis' headstone say,"At rest, an american soldier and"
General,Who was the first woman to sail single-handed around the world,Naomi james
Science & Nature,Our galaxy is commonly known as the ________.,Milky Way
General,What is the capitol of Chechnya,Grozny
General,Teenage riot' and 'silver rocket' are two cuts off which alternative rock group's 1988 'daydream nation' album,Sonic Youth
General,Rabbit 32 - Cat 62 - Ferret 42 - Squirrel 44 - Hedgehog 40 what,Gestation days
General,"Who In The World Of Music And Born 1984 Has The Real Name""Victoria Christina Hesketh""",Little Boots
Music,"Which Stones Hit Was Reputedly Based On Martha Reeves & The Vandellas ""Dancing In The Street""",I Can't Get No Satisfaction
 History & Holidays,In What Year Was The Chinese Republic Established,1911
General,What country celebrates its National Day on 17th May?,Norway
Geography,Which City Is The Worlds Most Densely Populated,Macau
General,Who announced his retirement from football after nine seasons in the NFL on the set of The Dirty Dozen in London,Jim Brown
General,"Which film director's films include ""Raging Bull"" and ""Goodfellas""",Martin scorsese
General,What is the old english word for 'sneeze',Fneasan
Music,Name Dan Hartman's first hit?,Instant Replay
General,What is the Capital of: Cameroon,Yaounde
General,"In the traditional song, what did the children dance around ""on a cold and frosty morning""",The mulberry bush
General,"What is made up of the duodenum, jejenum and ileum",Small intestine
General,Which detective dies in The Final Problem,Sherlock Holmes
Food & Drink,"This drink is made from espresso coffee, steamed milk and chocolate.",Mocha
General,What was the screen name of the lead character in The Untouchables,Elliot
Food & Drink,Which Type Of Prepared Bread Is Named After An Opera Singer?,Melba Toast
General,Bobby locke was the first south african golfer to win which open,British
 History & Holidays,Who Was Declared Dead On New Years Day 1953 At The Age Of 29?,Hank Williams
Geography,Which country would come first in an alphabetical list of countries,Afghanistan
Science & Nature,Which Aviation Company Produces The DC Series Of Aircraft,McDonnel Douglas
General,What does 'aandw' of root beer fame mean,Allen and wright
General,In the Northern hemisphere its Jan 1st South Aug 1st what is,Racehorse official birthdays
General,Which 1954 film won eight Oscars,On the Waterfront
 History & Holidays,In which country do they pound rice into a glutinous form using a huge hammer?,Japan
General,What capital city translates as Capital City in the native tongue,Seoul - South Korea
General,The Gorbals is a district of which city,Glasgow
General,"Sweet or fermented juice of apples, used as a beverage and for making vinegar",Cider
General,Who wrote mIRC?,Khaled Mardam-Bey
General,"Who recorded ""Barbara Ann"" in 1961",Regents
General,Which Singer Become A Father For The 7 th Time Aged 55 In the Year 2007,Stevie Wonder
Music,Name Two Frank Ifields No.1's,"I Remember You, Lovesick Blues, Wayward Wind, Confessin"
General,Which English actor won his first Oscar for a role in 'Arthur' at the age of 77,Sir john gielgud
General,Which real person took name meaning Man of Steel,Joseph Stalin
Science & Nature,What is the common name for the sternum?,Breastbone
General,What has accumulated in the muscles in someone suffering from emphysema,Air
General,The average American does it 1811 times in their life - what,Eat at MacDonald's
Sports & Leisure,What piece of sporting equipment has a maximum length of 42 inches and a maximum thickness of 1 & 1/2 inches?,A Baseball Bat
Geography,"Which Mountain Range Lies In The North Of Spain , West Of The Pyrenees",The Cantabrian Mountains
Art & Literature,On what book was 'Three Days Of The Condor' based?,Six Days Of The Condor
General,If you went on the road to Mandalay what country are you in,Miramar or Burma
General,Letterman who did david letterman pay four cartons of marlboro to be on his show,Miss
Science & Nature,What has superseded Newtonian mechanics of the atomic scale ?,Quantum mechanics
General,What is the correct name for a baby mink,Kit or Kitten
 History & Holidays,Of which Cambodian party was Pol Pot the leader?,Khmer Rouge
General,What does UFC stand for?,Ultimate fighting championships
General,The Campbell-Stokes recorder measures what with a glass ball,Sunshine
Science & Nature,What Is An Otoscope Used To Look At,The Ear
General,What lies between Stockholm and Riga,Baltic sea
Food & Drink,What can you do after eating a garlic doused Indian meal in order to prevent your breath smelling of garlic the day after?,Drink a Lassie (yoghurt drink) to coat your throat
General,"Small, active, carnivorous freshwater fish, found in the islands of the southern caribbean sea & in northern south america",Guppy
General,What was given to children to rid them of threadworm,Salt enema
General,What New Zealand native was the first man to climb Mt. Everest?,Sir Edmund Hillary
General,What are great waves resulting from earthquakes,Tsunami waves
Science & Nature,What is an emasculated stallion called,Gelding
Sports & Leisure,In Which Athletics Even Might You Use A Fosbury Flop,High Jump
Geography,Which Is The Largest Ocean,The Pacific Ocean
General,"Best known for 'dancin' in the streets', martha and the vandella's also hit the charts with the song about which man",Jimmy mack
General,The Sejm are the legislative body in which country,Poland
General,What is liquor distilled from the fermented mash of cereal grains and containing about 40 to 50 percent ethyl alcohol by volume,Whiskey
General,Who won an academy award for best supporting actress in the film 'the english patient',Juliet binoche
General,Robert Record in the mid 16th century invented what sign,Equals =
General,What did the Ayatollah Khomeni ban in 1979,Music on radio
Sports & Leisure,In Which Blood Sport Are Banderillas Used,Bull Fighting
General,What was the first stop of the mayflower when it reached the new world,Cape
Entertainment,Who sang 'Beat It'?,Michael Jackson
General,A person who starts fires maliciously is a(n) _________.,Arsonist
Science & Nature,"Which is a small flightless bird, also New Zealand's national symbol?",Kiwi
Geography,Florida is not the southernmost state in the United States. ___________ is farther south.,Hawaii
General,The koala eats the leaves from this tree,Eucalyptus
General,"In the cartoon Jem and the Holograms,what was the name of Jems computer.",Cinergy
Art & Literature,"From the Hebrew word for 'prophet'. A group of French painters active in the 1890s who worked in a subjective, sometimes mystical style, stressing flat areas of color and pattern. ",Nabis
General,Douglas Engelbart invented what - we all use it,Mouse
Sports & Leisure,Which Famous Athletics World Record Stood Between 1968 & 1991,Bob Beamans Long Jump
Science & Nature, Baby mink are born blind and remain sightless for a __________,Month
General,What Muslims practise shirling as a religious act,Dervishes
Entertainment,Who invented the synthesiser ?,Bob Moog
 History & Holidays,Which Revolutionary Icon Was Killed On 9th October 1967,Che Guevara
Geography,Constructed In 1333 Which Is The Oldest Wooden Bridge In Europe,The Kapellbrucke In Lucerne Switzerland
General,How do you tell a male chromosome from a female chromosome,Pull down their genes
General,What year was Robert the bruce crowned King of Scotland,1306
General,Washington police officers get a half hour class in how to what,Sit Down
General,"Who recorded the album ""the cry of love"" in 1970",Jimi hendrix
General,What is the most common name in italy?,Mario Rossi
General,What year was the intel pentium processor introduced,1993
Music,How Is Rock Star Vincent Furnier Better Known?,Alice Cooper
General,Diverse group of either single-celled or multicellular organisms that obtain food by direct absorption of nutrients,Fungi
General,Which animal uses white ear spots as identification marks,Tiger
Science & Nature,Francis Crick was the most famous of the discoverers of what?,DNA
General,Elvis Presley said big what on a woman turned him off,Feet
 History & Holidays,Which Actor Of The Silent Era Was Known As 'The Man Of A Thousand Faces',Lon Chaney
General,What is the Capital of: Turkmenistan,Ashgabat
General,George Fox founded which religious group,Quakers
General,What is Wales' national dish called?,Cawl
General,Where were Panama hats first made,Peru
General,Sweet opaque jelly of flavoured cornflour and milk,Blancmange
Science & Nature,Where Was The First Successful Steam Engine Installed,Dudley East Midlands 1712
Music,Which British Female Singer Recorded An Album In Memphis With Jerry Wexler Producing,Dusty Springfield
Science & Nature,In what organ of the body is insulin produced?,Pancreas
Tech & Video Games,"Who said ""All life begins and ends with Nu___at least this is my belief for now___""?                                                 ",Nu
 History & Holidays,What Was The Name Of The Son Of Cleopatra & Julius Caesar,Caesarion
General,The practice of women taking more than one husband is called?,Polyandry
General,Where did doughnuts originate,Holland
Science & Nature, The __________ has green bones.,Garfish
General,The Tilia is the Latin name for what type of tree,Lime
General,What is the main flavour of aioli,Garlic
General,"Bruce Willis, Arnold Schwarzenegger and Sylvester Stallone own which London restaurant",Planet hollywood
 Geography,Budapest is the capital of ______?,Hungary
Entertainment,What was Don Rickles' nickname?,Mr. Warmth
General,A normal human body has 46 what,Chromosomes
General,Which English Monarch Had The Shortest Reign,Edward 5th
General,"Nelis, Seckel, Forelle and Bosc all varieties of what",Pears
Geography,"Located in the Indian Ocean just north of the equator, __________ had a highly developed civilization as early as the fifth century B.C.",Sri lanka
Science & Nature,Dogs bark. What do donkeys do,Bray
General,George Harrison lost a plagiarism suit for which of his songs,My sweet lord
General,Lack of what makes albinos,Pigment
Science & Nature,Circuits can be wired in series or in _________.,Parallel
General,Who did zola budd trip in the 1984 los angeles olympics,Mary decker
General,If you landed at Shannon airport where are you,Limerick
General,Which of tea leaves or coffee beans have more caffeine,Tea leaves
General,What have over 80% of boxers suffered,Brain damage
 History & Holidays,Which TV Character Owns A Talking Cat Called Salem,Sabrina Teenage Witch
Music,What Kind Of triangle Did New Order Have,Bizarre Love Triangle
General,What is the longest continuous footpath in the world,Appalachian trail
General,Who was the Greek and Roman god of the wind?,Aeolus
General,Who was the first person to break the sound barrier,Chuck yager
General,BB King gave his guitar what nickname,Lucile
General,What is the french word for 'mistake',Faux pas
Geography,This re_opened in 1975 after being closed for 8 years.,Suez canal
Science & Nature,How Many Faces Has The Solid A Dodecahedron,12
General,For what is ethylene glycol used in automobiles,Anti-freeze
 History & Holidays,Which member of the Beatles got his first drum kit on Christmas Day 1957,Ringo Starr
Music,Name Led Zeppelins Drummer Who Died Of An Alcohol Related Incident In 1980,John Bonham
General,What is the flower that stands for: promptness,Ten-week stock
 History & Holidays,Which U.S. President was the first to have a Christmas tree in the White House?,Franklin Pierce (1853-1857)
Entertainment,"Besides the Stones, which group had the longest touring career until the founder's death in 1995?",The Grateful Dead
General,Winston Churchill married in 1908. What was his wife's Christian name,Clementine
General,What is the town locale in the tv serial search for tomorrow,Henderson
Tech & Video Games,"In the 'Extreme Battle' mini-game in 'Resident Evil 2', what characters are selectable?                                              ","Claire, Leon, Ada, and Chris"
General,How many days are there in a leap year,366
General,How many segments for the number 8 on a digital clock,Seven
Music,What Was The First No.1 For The Hollies,I'm Alive
 History & Holidays,Name The 8 Reindeer From 'The Night Before Christmas' Poem,"Blitzen, Comet, Cupid, Dancer, Dasher, Donner, Prancer, Vixen"
General,Which Famous Pop Star Made An On Screen Appearance Alongside Mr.T In The A Team,Boy George
General,In golf what name is given to the No 3 wood,Spoon
General,London and which UK city are joined by the Grand Union canal,Birmingham
General,Why did Mehmet Ali Agca become famous in 1981,Shooting pope jean paul ll
General,Marduk was the creator of the world to what ancient people,Babylonians
General,Casey Kasem was the original voice of what cartoon character,Shaggy on Scooby Doo
Tech & Video Games,Which body part is found in Bodley Mansion in 'Castlevania II: Simon's Quest'?                                                       ,An eye
General,What is the US equivalent of the UK Anglican church,Episcopalian
General,What is a mexican avocado dip,Guacamole
General,Who created james bond,Ian fleming
General,Who sang 'foolish games',Jewel